city,date,bin,unit,won,stale_price,model_p,ex_px,ex_notional,n_buy,first_px,secs,status
amsterdam,2026-07-04,23°C,C,1,0.056,0.9667,,,0,,,no_fill
amsterdam,2026-07-08,20°C,C,0,0.0725,0.9333,0.342,12.08,1,0.342,127,too_expensive
amsterdam,2026-07-09,24°C,C,1,0.205,0.9,,,0,,,no_fill
amsterdam,2026-07-11,25°C,C,1,0.195,0.9,0.3997,12.0,2,0.4,533,too_expensive
amsterdam,2026-08-02,26°C,C,1,0.21,0.9,0.68,26.42,1,0.68,278,too_expensive
amsterdam,2026-08-09,30°C,C,1,0.175,0.9333,0.97,39.19,1,0.97,7,too_expensive
amsterdam,2026-08-17,21°C,C,1,0.235,0.9333,,,0,,,no_fill
amsterdam,2026-09-11,21°C,C,1,0.195,1.0,0.97,37.58,2,0.96,21,too_expensive
ankara,2026-07-03,31°C,C,1,0.205,1.0,0.41,16.32,2,0.4067,14,too_expensive
ankara,2026-07-16,29°C,C,0,0.125,0.9667,0.16,12.72,5,0.21,587,traded
ankara,2026-07-20,33°C,C,1,0.11,0.9333,0.5276,16.49,3,0.49,430,too_expensive
ankara,2026-07-24,26°C,C,1,0.0855,0.9333,0.699,13.41,2,0.695,7,too_expensive
ankara,2026-07-25,17°C,C,1,0.084,0.9333,,,0,,,no_fill
ankara,2026-08-24,33°C,C,1,0.15,1.0,0.99,20.0,1,0.99,49,too_expensive
ankara,2026-08-30,26°C,C,1,0.235,1.0,0.95,47.25,2,0.98,223,too_expensive
ankara,2026-08-31,29°C,C,1,0.24,1.0,0.99,173.19,2,0.9802,198,too_expensive
ankara,2026-09-04,29°C,C,1,0.07,1.0,,,0,,,no_fill
ankara,2026-09-07,24°C,C,1,0.18,0.9667,0.64,14.64,4,0.6703,807,too_expensive
ankara,2026-09-08,23°C,C,1,0.18,0.9667,0.34,13.78,4,0.31,360,too_expensive
ankara,2026-09-15,24°C,C,0,0.055,0.9667,,,0,,,no_fill
ankara,2026-09-22,25°C,C,0,0.14,0.9667,,,0,,,no_fill
atlanta,2026-07-16,92-93°F,F,1,0.088,0.9333,0.975,14.97,3,0.977,572,too_expensive
atlanta,2026-07-29,88-89°F,F,1,0.17,0.9333,,,0,,,no_fill
atlanta,2026-08-01,86-87°F,F,1,0.235,0.9333,0.38,14.39,5,0.26,273,too_expensive
atlanta,2026-08-16,94-95°F,F,1,0.14,0.9333,0.5859,19.33,2,0.59,222,too_expensive
atlanta,2026-09-01,92-93°F,F,1,0.05,0.9333,0.6545,69.18,1,0.6545,3,too_expensive
atlanta,2026-09-09,88-89°F,F,1,0.23,0.9333,0.37,12.9,3,0.35,592,too_expensive
atlanta,2026-09-12,84-85°F,F,1,0.235,1.0,,,0,,,no_fill
atlanta,2026-09-17,88-89°F,F,1,0.17,0.9333,,,0,,,no_fill
austin,2026-07-05,94-95°F,F,1,0.146,1.0,0.6613,17.3,2,0.55,143,too_expensive
austin,2026-07-06,98-99°F,F,1,0.105,1.0,,,0,,,no_fill
austin,2026-07-25,94-95°F,F,0,0.22,0.9,,,0,,,no_fill
austin,2026-07-30,100-101°F,F,1,0.195,0.9667,0.99,15.0,1,0.99,51,too_expensive
austin,2026-08-03,102-103°F,F,1,0.135,0.9667,,,0,,,no_fill
austin,2026-08-19,100-101°F,F,0,0.145,1.0,0.48,19.12,3,0.6,583,too_expensive
austin,2026-09-04,94-95°F,F,1,0.125,0.9,,,0,,,no_fill
austin,2026-09-05,100-101°F,F,1,0.225,0.9667,,,0,,,no_fill
austin,2026-09-07,100-101°F,F,1,0.2,0.9,0.6889,38.97,2,0.3813,618,too_expensive
beijing,2026-07-09,34°C,C,0,0.1385,0.9667,,,0,,,no_fill
beijing,2026-07-11,29°C,C,1,0.21,0.9667,0.6134,21.12,4,0.46,64,too_expensive
beijing,2026-07-19,33°C,C,1,0.135,0.9333,0.978,18.4,1,0.978,279,too_expensive
beijing,2026-07-31,36°C,C,1,0.118,0.9333,,,0,,,no_fill
beijing,2026-08-04,35°C,C,1,0.15,0.9333,0.7601,16.44,2,0.74,6,too_expensive
beijing,2026-08-16,28°C,C,1,0.22,0.9667,0.7447,26.55,3,0.7301,15,too_expensive
beijing,2026-08-29,31°C,C,1,0.0395,1.0,0.92,22.54,2,0.92,31,too_expensive
beijing,2026-09-10,31°C,C,1,0.145,0.9667,0.4089,32.8,1,0.4089,34,too_expensive
beijing,2026-09-12,28°C,C,1,0.195,0.9667,0.8882,50.73,1,0.8882,124,too_expensive
beijing,2026-09-16,30°C,C,0,0.115,0.9667,,,0,,,no_fill
beijing,2026-09-20,29°C,C,0,0.0285,0.9667,0.0649,29.1,1,0.0649,718,traded
buenos-aires,2026-07-02,9°C,C,1,0.15,1.0,0.999,24.99,1,0.999,4,too_expensive
buenos-aires,2026-07-10,14°C,C,1,0.1,1.0,0.3879,91.43,1,0.3879,245,too_expensive
buenos-aires,2026-07-13,9°C,C,1,0.087,1.0,0.768,19.94,3,0.699,251,too_expensive
buenos-aires,2026-07-16,24°C,C,1,0.2325,0.9667,0.7324,68.29,1,0.7324,82,too_expensive
buenos-aires,2026-07-20,15°C,C,1,0.076,0.9667,0.7011,76.72,1,0.7011,61,too_expensive
buenos-aires,2026-07-31,23°C,C,0,0.075,0.9667,0.6344,19.98,1,0.6344,54,too_expensive
buenos-aires,2026-08-18,11°C,C,1,0.028,0.9333,0.4695,25.0,3,0.3,249,too_expensive
buenos-aires,2026-08-21,13°C,C,1,0.165,0.9333,0.8475,656.07,1,0.8475,249,too_expensive
buenos-aires,2026-09-06,12°C,C,1,0.03,0.9667,0.98,60.0,1,0.98,247,too_expensive
buenos-aires,2026-09-19,25°C,C,1,0.12,1.0,0.9727,104.9,2,0.97,218,too_expensive
busan,2026-07-02,27°C,C,1,0.11,0.9333,0.8051,35.0,1,0.8051,101,too_expensive
busan,2026-07-16,35°C,C,1,0.121,1.0,0.997,77.28,2,0.995,203,too_expensive
busan,2026-07-20,32°C,C,1,0.09,1.0,0.98,71.68,4,0.96,66,too_expensive
busan,2026-07-29,39°C,C,1,0.059,1.0,0.7737,19.0,1,0.7737,2,too_expensive
busan,2026-09-04,29°C,C,1,0.165,0.9667,0.99,130.33,1,0.99,7,too_expensive
busan,2026-09-18,27°C,C,1,0.046,1.0,0.966,28.01,2,0.966,49,too_expensive
cape-town,2026-07-17,20°C,C,1,0.053,1.0,0.999,44.96,2,0.999,381,too_expensive
cape-town,2026-08-12,23°C,C,1,0.095,1.0,0.85,17.28,2,0.85,12,too_expensive
cape-town,2026-09-05,25°C,C,1,0.175,0.9667,,,0,,,no_fill
cape-town,2026-09-12,19°C,C,1,0.105,0.9667,0.84,16.0,2,0.84,171,too_expensive
cape-town,2026-09-14,18°C,C,1,0.095,1.0,0.4301,39.96,1,0.4301,3,too_expensive
chengdu,2026-07-24,38°C,C,0,0.175,0.9333,0.3325,17.68,6,0.13,229,too_expensive
chengdu,2026-07-25,40°C,C,0,0.12,0.9,0.68,18.3,4,0.65,4,too_expensive
chengdu,2026-07-29,34°C or higher,C,1,0.19,1.0,0.9535,692.42,4,0.937,42,too_expensive
chengdu,2026-08-31,34°C,C,0,0.14,0.9,,,0,,,no_fill
chicago,2026-07-17,92-93°F,F,1,0.0575,1.0,,,0,,,no_fill
chongqing,2026-07-04,34°C,C,1,0.1875,0.9333,0.69,12.37,2,0.68,14,too_expensive
chongqing,2026-07-06,37°C,C,1,0.18,0.9333,0.8247,12.94,2,0.8104,43,too_expensive
chongqing,2026-07-28,36°C,C,1,0.1,0.9,0.8205,20.9,2,0.48,36,too_expensive
chongqing,2026-07-29,39°C,C,1,0.0325,0.9,0.5306,63.47,2,0.1443,41,too_expensive
chongqing,2026-08-05,35°C,C,1,0.095,0.9667,0.8285,27.94,2,0.81,36,too_expensive
chongqing,2026-08-11,35°C,C,1,0.145,0.9333,0.81,15.74,3,0.86,181,too_expensive
chongqing,2026-08-20,32°C,C,0,0.145,0.9667,0.65,21.75,1,0.65,12,too_expensive
dallas,2026-07-12,98-99°F,F,1,0.053,0.9667,0.198,12.45,5,0.221,992,traded
dallas,2026-07-13,92-93°F,F,1,0.0305,0.9667,0.988,15.0,1,0.988,580,too_expensive
dallas,2026-07-20,102-103°F,F,1,0.225,0.9667,0.9342,200.0,1,0.9342,202,too_expensive
dallas,2026-07-28,98-99°F,F,1,0.175,0.9333,0.6531,52.0,2,0.61,95,too_expensive
dallas,2026-07-31,100-101°F,F,0,0.175,0.9333,0.15,12.41,8,0.24,365,traded
dallas,2026-08-07,98-99°F,F,0,0.025,0.9333,,,0,,,no_fill
dallas,2026-08-15,98-99°F,F,0,0.035,0.9,,,0,,,no_fill
dallas,2026-08-25,100-101°F,F,1,0.2365,1.0,0.4574,23.78,1,0.4574,70,too_expensive
dallas,2026-08-26,100-101°F,F,1,0.17,1.0,,,0,,,no_fill
dallas,2026-09-02,100-101°F,F,1,0.105,1.0,0.99,15.0,1,0.99,249,too_expensive
dallas,2026-09-15,98-99°F,F,1,0.195,0.9,0.41,16.67,5,0.34,1089,too_expensive
dallas,2026-09-17,96-97°F,F,1,0.14,0.9,0.4442,34.49,1,0.4442,4,too_expensive
denver,2026-07-02,88-89°F,F,0,0.2485,1.0,0.9626,150.0,1,0.9626,22,too_expensive
denver,2026-07-18,94-95°F,F,1,0.24,1.0,0.56,22.4,1,0.56,772,too_expensive
denver,2026-07-21,96-97°F,F,1,0.25,1.0,,,0,,,no_fill
denver,2026-07-27,92-93°F,F,1,0.2,1.0,0.7029,74.77,7,0.05,526,too_expensive
denver,2026-08-10,96-97°F,F,1,0.165,1.0,0.989,54.4,2,0.989,966,too_expensive
denver,2026-08-13,80-81°F,F,1,0.135,1.0,0.6934,14.73,6,0.08,777,too_expensive
denver,2026-08-21,100-101°F,F,1,0.074,1.0,0.3704,26.33,3,0.064,585,too_expensive
denver,2026-08-25,82-83°F,F,1,0.209,1.0,0.25,13.34,4,0.25,87,traded
denver,2026-08-29,92-93°F,F,1,0.09,1.0,0.8039,24.67,2,0.08,345,too_expensive
denver,2026-09-01,86-87°F,F,1,0.185,1.0,0.58,12.78,2,0.91,249,too_expensive
denver,2026-09-05,94-95°F,F,1,0.22,1.0,0.95,56.65,2,0.95,171,too_expensive
denver,2026-09-07,90-91°F,F,1,0.245,1.0,0.94,17.63,3,0.94,340,too_expensive
guangzhou,2026-08-26,30°C,C,0,0.185,0.9667,,,0,,,no_fill
guangzhou,2026-09-05,35°C,C,1,0.15,0.9667,0.6,30.0,1,0.6,36,too_expensive
helsinki,2026-09-01,20°C,C,1,0.14,0.9333,0.4132,17.9,1,0.4132,49,too_expensive
helsinki,2026-09-14,17°C,C,1,0.195,0.9333,,,0,,,no_fill
helsinki,2026-09-18,17°C,C,1,0.05,0.9667,0.57,16.56,2,0.4167,1173,too_expensive
houston,2026-07-05,98-99°F,F,1,0.07,0.9667,0.94,20.79,3,0.94,470,too_expensive
houston,2026-07-10,92-93°F,F,1,0.07,0.9667,0.07,12.33,12,0.09,464,traded
houston,2026-07-11,88-89°F,F,1,0.21,0.9667,0.93,14.63,3,0.91,1151,too_expensive
houston,2026-07-15,86-87°F,F,1,0.134,0.9333,,,0,,,no_fill
houston,2026-07-18,92-93°F,F,1,0.2,0.9667,0.3762,27.72,1,0.3762,390,too_expensive
houston,2026-07-20,94-95°F,F,1,0.1875,0.9667,,,0,,,no_fill
houston,2026-07-29,94-95°F,F,1,0.175,0.9667,0.5392,17.95,3,0.61,146,too_expensive
houston,2026-08-02,98-99°F,F,1,0.175,1.0,0.963,38.91,1,0.963,11,too_expensive
houston,2026-09-02,94-95°F,F,1,0.165,1.0,,,0,,,no_fill
istanbul,2026-08-18,32°C,C,1,0.025,1.0,,,0,,,no_fill
istanbul,2026-09-21,26°C,C,1,0.095,1.0,,,0,,,no_fill
jeddah,2026-07-02,36°C,C,1,0.125,0.9333,0.75,20.14,2,0.66,22,too_expensive
jeddah,2026-07-11,37°C,C,1,0.12,0.9,0.3548,31.94,1,0.3548,11,too_expensive
karachi,2026-07-05,34°C,C,1,0.12,1.0,0.99,24.77,1,0.99,29,too_expensive
karachi,2026-08-28,31°C,C,1,0.15,1.0,0.998,39.96,1,0.998,72,too_expensive
karachi,2026-09-02,33°C,C,1,0.06,1.0,0.96,40.0,1,0.96,78,too_expensive
kuala-lumpur,2026-07-10,33°C,C,1,0.21,0.9667,0.94,15.66,4,0.93,322,too_expensive
kuala-lumpur,2026-07-13,32°C,C,1,0.195,0.9333,0.876,21.83,1,0.876,235,too_expensive
kuala-lumpur,2026-09-05,32°C,C,1,0.052,1.0,0.4665,19.68,4,0.267,255,too_expensive
kuala-lumpur,2026-09-22,31°C,C,1,0.165,1.0,0.3668,14.11,1,0.3668,13,too_expensive
london,2026-07-08,32°C,C,0,0.185,0.9,0.4,13.35,2,0.3722,14,too_expensive
london,2026-07-14,29°C,C,1,0.12,0.9,0.65,16.25,1,0.65,119,too_expensive
london,2026-07-17,27°C,C,1,0.075,0.9,0.3505,29.04,1,0.3505,12,too_expensive
london,2026-08-09,30°C,C,0,0.085,0.9,,,0,,,no_fill
los-angeles,2026-08-16,76-77°F,F,1,0.04,1.0,0.97,39.19,1,0.97,4,too_expensive
los-angeles,2026-08-26,86-87°F,F,1,0.14,1.0,0.96,20.76,4,0.97,567,too_expensive
lucknow,2026-07-02,34°C,C,1,0.031,1.0,0.958,49.22,3,0.1499,38,too_expensive
lucknow,2026-07-16,33°C,C,1,0.24,1.0,,,0,,,no_fill
manila,2026-07-04,34°C,C,1,0.195,1.0,0.978,14.9,2,0.978,163,too_expensive
manila,2026-07-08,33°C,C,1,0.087,1.0,0.2432,13.92,1,0.2432,122,traded
manila,2026-07-21,33°C,C,1,0.18,1.0,0.9896,50.55,1,0.9896,90,too_expensive
mexico-city,2026-07-13,24°C,C,1,0.15,1.0,0.9891,101.01,2,0.989,713,too_expensive
mexico-city,2026-07-19,25°C,C,1,0.185,1.0,0.68,15.5,3,0.7,468,too_expensive
mexico-city,2026-07-23,26°C,C,1,0.0755,1.0,0.794,15.0,1,0.794,57,too_expensive
mexico-city,2026-07-26,24°C,C,1,0.235,1.0,0.6773,22.07,2,0.69,10,too_expensive
mexico-city,2026-07-28,26°C,C,1,0.122,1.0,0.979,15.84,2,0.979,43,too_expensive
mexico-city,2026-07-29,26°C,C,1,0.205,1.0,,,0,,,no_fill
mexico-city,2026-08-25,22°C,C,1,0.14,0.9667,0.94,15.67,2,0.94,4,too_expensive
mexico-city,2026-08-26,26°C,C,1,0.16,0.9667,0.98,101.53,1,0.98,0,too_expensive
miami,2026-07-03,90-91°F,F,1,0.185,1.0,0.94,16.9,3,0.94,218,too_expensive
miami,2026-07-12,94-95°F,F,1,0.1,1.0,0.998,155.0,1,0.998,31,too_expensive
miami,2026-07-14,94-95°F,F,1,0.21,1.0,0.985,59.34,2,0.985,142,too_expensive
miami,2026-07-16,96-97°F,F,1,0.161,1.0,0.979,39.16,1,0.979,11,too_expensive
miami,2026-07-29,94-95°F,F,1,0.045,1.0,,,0,,,no_fill
miami,2026-09-02,88-89°F,F,0,0.035,1.0,,,0,,,no_fill
milan,2026-07-04,32°C,C,1,0.155,0.9333,0.55,14.31,3,0.39,94,too_expensive
milan,2026-07-22,29°C,C,1,0.24,0.9333,,,0,,,no_fill
milan,2026-07-26,31°C,C,1,0.0345,0.9333,0.944,146.96,1,0.944,37,too_expensive
milan,2026-08-07,32°C,C,0,0.106,0.9333,,,0,,,no_fill
milan,2026-08-08,34°C,C,1,0.23,0.9333,,,0,,,no_fill
milan,2026-08-17,30°C,C,0,0.075,0.9667,0.07,12.2,5,0.0633,1147,traded
milan,2026-08-21,23°C,C,0,0.25,0.9667,0.3887,15.16,1,0.3887,1039,too_expensive
milan,2026-09-05,31°C,C,0,0.0325,0.9333,,,0,,,no_fill
moscow,2026-07-08,21°C,C,0,0.03,0.9333,,,0,,,no_fill
moscow,2026-08-25,17°C,C,1,0.055,0.9333,0.99,22.03,2,0.99,151,too_expensive
moscow,2026-08-28,20°C,C,0,0.23,0.9333,0.79,16.93,2,0.8,12,too_expensive
moscow,2026-09-20,18°C,C,0,0.195,0.9667,,,0,,,no_fill
munich,2026-07-14,29°C,C,1,0.14,0.9,0.11,12.79,5,0.11,1030,traded
munich,2026-07-17,28°C,C,0,0.154,0.9,0.358,13.0,5,0.3193,814,too_expensive
munich,2026-07-26,27°C,C,1,0.11,0.9,0.3176,12.93,2,0.31,351,too_expensive
munich,2026-08-06,24°C,C,1,0.084,0.9,0.5961,12.63,1,0.5961,242,too_expensive
munich,2026-08-13,30°C,C,0,0.09,0.9667,,,0,,,no_fill
munich,2026-08-18,20°C,C,1,0.125,0.9667,0.3044,19.85,3,0.23,174,too_expensive
munich,2026-08-24,23°C,C,0,0.105,0.9667,0.5545,14.15,3,0.54,531,too_expensive
munich,2026-08-25,16°C,C,0,0.0855,0.9667,,,0,,,no_fill
munich,2026-08-26,28°C,C,1,0.085,0.9333,0.102,26.97,2,0.19,988,traded
munich,2026-09-01,23°C,C,0,0.11,0.9333,,,0,,,no_fill
munich,2026-09-05,23°C,C,0,0.1,0.9333,0.35,16.42,4,0.35,264,too_expensive
munich,2026-09-11,19°C,C,0,0.205,0.9333,0.71,37.65,2,0.7,21,too_expensive
munich,2026-09-15,24°C,C,1,0.11,0.9,0.51,14.5,3,0.49,34,too_expensive
munich,2026-09-18,20°C,C,0,0.13,0.9,0.61,17.1,4,0.4331,590,too_expensive
nyc,2026-07-05,76-77°F,F,0,0.194,0.9,0.4846,40.09,2,0.45,136,too_expensive
nyc,2026-07-10,88-89°F,F,1,0.0915,1.0,0.94,17.0,3,0.936,149,too_expensive
nyc,2026-07-16,88-89°F,F,1,0.1985,1.0,0.751,12.48,5,0.655,374,too_expensive
nyc,2026-08-03,84-85°F,F,1,0.195,1.0,0.86,20.0,1,0.86,20,too_expensive
panama-city,2026-07-31,34°C,C,1,0.11,1.0,0.999,181.8,2,0.999,212,too_expensive
panama-city,2026-08-29,32°C,C,1,0.21,1.0,0.99,60.0,1,0.99,453,too_expensive
panama-city,2026-09-22,31°C,C,1,0.037,0.9655,0.9358,149.6,2,0.923,73,too_expensive
qingdao,2026-07-01,29°C,C,1,0.165,1.0,0.97,49.88,1,0.97,11,too_expensive
san-francisco,2026-07-12,74-75°F,F,1,0.225,1.0,0.96,60.04,1,0.96,79,too_expensive
san-francisco,2026-07-14,80-81°F,F,1,0.0665,1.0,0.98,15.39,2,0.97,1085,too_expensive
san-francisco,2026-07-20,70-71°F,F,1,0.095,1.0,0.9159,36.61,2,0.91,280,too_expensive
sao-paulo,2026-07-12,23°C,C,1,0.055,0.9667,0.9941,100.0,1,0.9941,29,too_expensive
sao-paulo,2026-07-14,19°C,C,1,0.03,1.0,0.99,109.82,2,0.99,109,too_expensive
sao-paulo,2026-08-02,29°C,C,1,0.155,1.0,,,0,,,no_fill
sao-paulo,2026-08-28,32°C,C,1,0.05,1.0,,,0,,,no_fill
sao-paulo,2026-09-09,22°C,C,1,0.055,1.0,0.7275,40.0,1,0.7275,7,too_expensive
sao-paulo,2026-09-11,28°C,C,1,0.245,1.0,0.95,17.7,1,0.95,0,too_expensive
seattle,2026-07-01,62-63°F,F,1,0.0835,0.9333,0.3582,16.43,5,0.347,311,too_expensive
seattle,2026-07-05,76-77°F,F,1,0.25,0.9667,0.295,14.87,1,0.295,32,too_expensive
seattle,2026-07-09,78-79°F,F,1,0.04,0.9667,,,0,,,no_fill
seattle,2026-07-22,94-95°F,F,1,0.235,0.9667,0.6098,18.6,2,0.6,169,too_expensive
seattle,2026-08-19,82-83°F,F,1,0.0305,1.0,,,0,,,no_fill
seoul,2026-07-03,28°C,C,1,0.12,0.9667,0.7195,137.56,1,0.7195,8,too_expensive
shanghai,2026-08-16,29°C,C,1,0.035,1.0,0.92,12.6,3,0.92,9,too_expensive
shanghai,2026-08-22,31°C,C,1,0.16,1.0,0.9864,114.8,1,0.9864,126,too_expensive
shenzhen,2026-07-02,35°C,C,0,0.047,1.0,,,0,,,no_fill
shenzhen,2026-07-06,31°C,C,0,0.08,1.0,,,0,,,no_fill
shenzhen,2026-07-07,28°C,C,1,0.185,1.0,0.6664,13.24,2,0.64,91,too_expensive
shenzhen,2026-07-09,32°C,C,0,0.032,1.0,,,0,,,no_fill
shenzhen,2026-07-14,31°C,C,0,0.0385,1.0,,,0,,,no_fill
shenzhen,2026-07-17,29°C,C,1,0.13,0.9667,0.2438,21.19,10,0.24,720,traded
shenzhen,2026-07-18,30°C,C,0,0.055,0.9333,,,0,,,no_fill
shenzhen,2026-07-20,30°C,C,0,0.225,0.9333,0.2447,12.68,6,0.38,607,traded
shenzhen,2026-07-25,36°C,C,0,0.2015,0.9333,0.009,12.98,2,0.01,945,traded
shenzhen,2026-07-29,29°C,C,0,0.095,0.9,0.1195,13.12,5,0.05,908,traded
shenzhen,2026-08-11,36°C,C,0,0.02,0.9,,,0,,,no_fill
shenzhen,2026-08-20,31°C,C,0,0.025,0.9667,,,0,,,no_fill
shenzhen,2026-09-01,31°C,C,1,0.178,1.0,0.946,63.38,1,0.946,30,too_expensive
shenzhen,2026-09-02,30°C,C,1,0.035,1.0,0.9899,340.39,2,0.9745,75,too_expensive
singapore,2026-07-04,33°C,C,1,0.245,1.0,0.5451,69.37,1,0.5451,52,too_expensive
singapore,2026-07-26,30°C,C,1,0.085,1.0,0.8085,80.82,1,0.8085,40,too_expensive
singapore,2026-07-27,32°C,C,1,0.16,1.0,0.99,50.0,1,0.99,40,too_expensive
singapore,2026-08-08,32°C,C,1,0.135,0.9667,0.92,19.4,3,0.92,150,too_expensive
singapore,2026-08-12,32°C,C,1,0.045,0.9667,0.9251,58.14,2,0.68,103,too_expensive
singapore,2026-08-31,30°C,C,1,0.1625,0.9667,,,0,,,no_fill
tel-aviv,2026-07-06,33°C,C,1,0.1325,1.0,0.9881,51.17,2,0.984,125,too_expensive
tokyo,2026-08-05,30°C,C,1,0.18,1.0,0.98,55.0,2,0.97,345,too_expensive
tokyo,2026-08-23,30°C,C,0,0.195,0.9667,,,0,,,no_fill
tokyo,2026-08-26,33°C,C,1,0.17,0.9667,,,0,,,no_fill
tokyo,2026-09-13,24°C,C,0,0.245,1.0,0.0995,26.51,3,0.1249,369,traded
toronto,2026-08-01,28°C,C,1,0.09,0.9,0.8351,30.21,2,0.77,66,too_expensive
toronto,2026-08-09,27°C,C,1,0.065,0.9333,0.7964,49.15,1,0.7964,94,too_expensive
toronto,2026-08-20,24°C,C,1,0.215,1.0,0.72,21.68,3,0.72,625,too_expensive
toronto,2026-08-24,22°C,C,1,0.0645,0.9667,0.9215,87.33,1,0.9215,108,too_expensive
toronto,2026-08-26,24°C,C,1,0.065,0.9667,0.5044,13.78,2,0.4575,88,too_expensive
toronto,2026-09-12,25°C,C,1,0.23,0.9667,0.9599,49.47,1,0.9599,57,too_expensive
toronto,2026-09-13,28°C,C,1,0.04,0.9667,0.9825,20.0,1,0.9825,117,too_expensive
warsaw,2026-08-12,22°C,C,1,0.175,0.9,0.46,12.35,2,0.46,138,too_expensive
warsaw,2026-08-14,25°C,C,0,0.05,0.9,,,0,,,no_fill
warsaw,2026-09-19,22°C,C,1,0.105,0.9667,0.99,60.0,1,0.99,146,too_expensive
warsaw,2026-09-20,22°C,C,1,0.105,0.9667,0.99,24.75,1,0.99,94,too_expensive
warsaw,2026-09-22,17°C,C,1,0.095,0.9667,0.98,34.4,2,0.98,424,too_expensive
wellington,2026-07-06,11°C,C,0,0.225,0.9333,0.3,13.17,3,0.304,385,too_expensive
wellington,2026-08-27,12°C,C,0,0.0225,1.0,,,0,,,no_fill
wellington,2026-09-12,14°C,C,1,0.12,0.9667,0.97,46.56,1,0.97,85,too_expensive
wuhan,2026-08-08,37°C,C,1,0.175,0.9,0.7529,14.03,1,0.7529,45,too_expensive
wuhan,2026-09-08,35°C,C,1,0.11,0.9,0.9495,56.14,1,0.9495,37,too_expensive
