city,date,side,tier,bin,entry,model_p,stake,won,pnl
chengdu,2026-07-01,NO,provable,31°C,0.445,0.0,100.0,1,124.7191
london,2026-07-01,NO,provable,25°C,0.45,0.0,100.0,1,122.2222
qingdao,2026-07-01,NO,provable,28°C,0.195,0.0,100.0,1,412.8205
qingdao,2026-07-01,YES,secondary,29°C,0.165,1.0,100.0,1,506.0606
san-francisco,2026-07-01,NO,provable,68-69°F,0.355,0.0,100.0,1,181.6901
seattle,2026-07-01,YES,main,62-63°F,0.0835,0.9333,100.0,1,1097.6048
warsaw,2026-07-01,NO,provable,32°C,0.36,0.0,100.0,1,177.7778
atlanta,2026-07-02,NO,provable,96-97°F,0.365,0.0,100.0,1,173.9726
buenos-aires,2026-07-02,NO,provable,8°C,0.105,0.0,100.0,1,852.381
buenos-aires,2026-07-02,YES,secondary,9°C,0.15,1.0,100.0,1,566.6667
busan,2026-07-02,NO,provable,26°C,0.16,0.0,100.0,1,525.0
busan,2026-07-02,YES,secondary,27°C,0.11,0.9333,100.0,1,809.0909
denver,2026-07-02,YES,secondary,88-89°F,0.2485,1.0,100.0,0,-100.0
jeddah,2026-07-02,YES,secondary,36°C,0.125,0.9333,100.0,1,700.0
lucknow,2026-07-02,NO,provable,32°C,0.295,0.0,100.0,1,238.9831
lucknow,2026-07-02,YES,main,34°C,0.031,1.0,100.0,1,3125.8065
miami,2026-07-03,NO,provable,88-89°F,0.316,0.0,100.0,1,216.4557
miami,2026-07-03,YES,secondary,90-91°F,0.185,1.0,100.0,1,440.5405
amsterdam,2026-07-04,NO,provable,21°C,0.399,0.0,100.0,1,150.6266
amsterdam,2026-07-04,YES,main,23°C,0.056,0.9667,100.0,1,1685.7143
chongqing,2026-07-04,NO,provable,32°C,0.475,0.0,100.0,1,110.5263
chongqing,2026-07-04,YES,secondary,34°C,0.1875,0.9333,100.0,1,433.3333
london,2026-07-04,NO,provable,28°C,0.375,0.0,100.0,1,166.6667
manila,2026-07-04,NO,provable,33°C,0.195,0.0,100.0,1,412.8205
manila,2026-07-04,YES,secondary,34°C,0.195,1.0,100.0,1,412.8205
milan,2026-07-04,YES,secondary,32°C,0.155,0.9333,100.0,1,545.1613
austin,2026-07-05,YES,secondary,94-95°F,0.146,1.0,100.0,1,584.9315
houston,2026-07-05,NO,provable,96-97°F,0.47,0.0,100.0,1,112.766
houston,2026-07-05,YES,main,98-99°F,0.07,0.9667,100.0,1,1328.5714
lucknow,2026-07-05,NO,provable,37°C,0.3,0.0,100.0,1,233.3333
nyc,2026-07-05,YES,secondary,76-77°F,0.194,0.9,100.0,0,-100.0
seattle,2026-07-05,NO,provable,74-75°F,0.335,0.0,100.0,1,198.5075
seattle,2026-07-05,YES,secondary,76-77°F,0.25,0.9667,100.0,1,300.0
atlanta,2026-07-06,NO,provable,88-89°F,0.355,0.0,100.0,1,181.6901
austin,2026-07-06,NO,provable,96-97°F,0.46,0.0,100.0,1,117.3913
austin,2026-07-06,YES,secondary,98-99°F,0.105,1.0,100.0,1,852.381
chongqing,2026-07-06,NO,provable,36°C,0.395,0.0,100.0,1,153.1646
chongqing,2026-07-06,YES,secondary,37°C,0.18,0.9333,100.0,1,455.5556
seattle,2026-07-06,NO,provable,82-83°F,0.44,0.0,100.0,1,127.2727
tel-aviv,2026-07-06,NO,provable,32°C,0.3495,0.0,100.0,1,186.123
tel-aviv,2026-07-06,YES,secondary,33°C,0.1325,1.0,100.0,1,654.717
wellington,2026-07-06,YES,secondary,11°C,0.225,0.9333,100.0,0,-100.0
dallas,2026-07-07,NO,provable,98-99°F,0.285,0.0,100.0,1,250.8772
amsterdam,2026-07-08,YES,main,20°C,0.0725,0.9333,100.0,0,-100.0
cape-town,2026-07-08,NO,provable,18°C,0.355,0.0,100.0,1,181.6901
london,2026-07-08,YES,secondary,32°C,0.185,0.9,100.0,0,-100.0
manila,2026-07-08,NO,provable,32°C,0.0715,0.0,100.0,1,1298.6014
manila,2026-07-08,YES,main,33°C,0.087,1.0,100.0,1,1049.4253
amsterdam,2026-07-09,YES,secondary,24°C,0.205,0.9,100.0,1,387.8049
chicago,2026-07-09,NO,provable,84-85°F,0.32,0.0,100.0,1,212.5
seattle,2026-07-09,YES,main,78-79°F,0.04,0.9667,100.0,1,2400.0
buenos-aires,2026-07-10,YES,main,14°C,0.1,1.0,100.0,1,900.0
denver,2026-07-10,NO,provable,88-89°F,0.45,0.0,100.0,1,122.2222
houston,2026-07-10,NO,provable,86-87°F,0.4225,0.0,100.0,1,136.6864
houston,2026-07-10,YES,main,92-93°F,0.07,0.9667,100.0,1,1328.5714
kuala-lumpur,2026-07-10,NO,provable,32°C,0.225,0.0,100.0,1,344.4444
kuala-lumpur,2026-07-10,YES,secondary,33°C,0.21,0.9667,100.0,1,376.1905
lucknow,2026-07-10,NO,provable,31°C,0.395,0.0,100.0,1,153.1646
nyc,2026-07-10,NO,provable,84-85°F,0.3285,0.0,100.0,1,204.414
nyc,2026-07-10,YES,main,88-89°F,0.0915,1.0,100.0,1,992.8962
wuhan,2026-07-10,NO,provable,36°C,0.475,0.0,100.0,1,110.5263
amsterdam,2026-07-11,YES,secondary,25°C,0.195,0.9,100.0,1,412.8205
dallas,2026-07-11,NO,provable,96-97°F,0.355,0.0,100.0,1,181.6901
denver,2026-07-11,NO,provable,94-95°F,0.495,0.0,100.0,1,102.0202
houston,2026-07-11,YES,secondary,88-89°F,0.21,0.9667,100.0,1,376.1905
jeddah,2026-07-11,NO,provable,36°C,0.165,0.0,100.0,1,506.0606
jeddah,2026-07-11,YES,secondary,37°C,0.12,0.9,100.0,1,733.3333
milan,2026-07-11,NO,provable,32°C,0.35,0.0,100.0,1,185.7143
nyc,2026-07-11,NO,provable,80-81°F,0.48,0.0,100.0,1,108.3333
dallas,2026-07-12,NO,provable,94-95°F,0.335,0.0,100.0,1,198.5075
dallas,2026-07-12,YES,main,98-99°F,0.053,0.9667,100.0,1,1786.7925
miami,2026-07-12,NO,provable,92-93°F,0.115,0.0,100.0,1,769.5652
miami,2026-07-12,YES,main,94-95°F,0.1,1.0,100.0,1,900.0
san-francisco,2026-07-12,NO,provable,72-73°F,0.2,0.0,100.0,1,400.0
san-francisco,2026-07-12,YES,secondary,74-75°F,0.225,1.0,100.0,1,344.4444
sao-paulo,2026-07-12,NO,provable,22°C,0.065,0.0,100.0,1,1438.4615
sao-paulo,2026-07-12,YES,main,23°C,0.055,0.9667,100.0,1,1718.1818
buenos-aires,2026-07-13,YES,main,9°C,0.087,1.0,100.0,1,1049.4253
dallas,2026-07-13,NO,provable,90-91°F,0.4785,0.0,100.0,1,108.9864
dallas,2026-07-13,YES,main,92-93°F,0.0305,0.9667,100.0,1,3178.6885
jeddah,2026-07-13,NO,provable,36°C,0.385,0.0,100.0,1,159.7403
kuala-lumpur,2026-07-13,YES,secondary,32°C,0.195,0.9333,100.0,1,412.8205
wuhan,2026-07-13,NO,provable,36°C,0.18,0.0,100.0,1,455.5556
chicago,2026-07-14,NO,provable,94-95°F,0.465,0.0,100.0,1,115.0538
houston,2026-07-14,NO,provable,78-79°F,0.47,0.0,100.0,1,112.766
london,2026-07-14,NO,provable,28°C,0.45,0.0,100.0,1,122.2222
london,2026-07-14,YES,secondary,29°C,0.12,0.9,100.0,1,733.3333
miami,2026-07-14,NO,provable,92-93°F,0.235,0.0,100.0,1,325.5319
miami,2026-07-14,YES,secondary,94-95°F,0.21,1.0,100.0,1,376.1905
san-francisco,2026-07-14,NO,provable,78-79°F,0.035,0.0,100.0,1,2757.1429
san-francisco,2026-07-14,YES,main,80-81°F,0.0665,1.0,100.0,1,1403.7594
sao-paulo,2026-07-14,NO,provable,18°C,0.043,0.0,100.0,1,2225.5814
sao-paulo,2026-07-14,YES,main,19°C,0.03,1.0,100.0,1,3233.3333
denver,2026-07-15,NO,provable,92-93°F,0.395,0.0,100.0,1,153.1646
houston,2026-07-15,NO,provable,82-83°F,0.49,0.0,100.0,1,104.0816
houston,2026-07-15,YES,secondary,86-87°F,0.134,0.9333,100.0,1,646.2687
atlanta,2026-07-16,NO,provable,90-91°F,0.065,0.0,100.0,1,1438.4615
atlanta,2026-07-16,YES,main,92-93°F,0.088,0.9333,100.0,1,1036.3636
buenos-aires,2026-07-16,NO,provable,23°C,0.445,0.0,100.0,1,124.7191
buenos-aires,2026-07-16,YES,secondary,24°C,0.2325,0.9667,100.0,1,330.1075
busan,2026-07-16,NO,provable,34°C,0.24,0.0,100.0,1,316.6667
busan,2026-07-16,YES,secondary,35°C,0.121,1.0,100.0,1,726.4463
lucknow,2026-07-16,NO,provable,32°C,0.275,0.0,100.0,1,263.6364
lucknow,2026-07-16,YES,secondary,33°C,0.24,1.0,100.0,1,316.6667
miami,2026-07-16,NO,provable,94-95°F,0.185,0.0,100.0,1,440.5405
miami,2026-07-16,YES,secondary,96-97°F,0.161,1.0,100.0,1,521.118
nyc,2026-07-16,NO,provable,87°F or below,0.3695,0.0,100.0,1,170.636
nyc,2026-07-16,YES,secondary,88-89°F,0.1985,1.0,100.0,1,403.7783
cape-town,2026-07-17,NO,provable,19°C,0.21,0.0,100.0,1,376.1905
cape-town,2026-07-17,YES,main,20°C,0.053,1.0,100.0,1,1786.7925
chicago,2026-07-17,NO,provable,90-91°F,0.145,0.0,100.0,1,589.6552
chicago,2026-07-17,YES,main,92-93°F,0.0575,1.0,100.0,1,1639.1304
london,2026-07-17,YES,main,27°C,0.075,0.9,100.0,1,1233.3333
denver,2026-07-18,NO,provable,92-93°F,0.405,0.0,100.0,1,146.9136
denver,2026-07-18,YES,secondary,94-95°F,0.24,1.0,100.0,1,316.6667
houston,2026-07-18,YES,secondary,92-93°F,0.2,0.9667,100.0,1,400.0
miami,2026-07-18,NO,provable,88-89°F,0.225,0.0,100.0,1,344.4444
wuhan,2026-07-19,NO,provable,32°C,0.285,0.0,100.0,1,250.8772
buenos-aires,2026-07-20,NO,provable,14°C,0.485,0.0,100.0,1,106.1856
buenos-aires,2026-07-20,YES,main,15°C,0.076,0.9667,100.0,1,1215.7895
busan,2026-07-20,NO,provable,31°C,0.1,0.0,100.0,1,900.0
busan,2026-07-20,YES,main,32°C,0.09,1.0,100.0,1,1011.1111
dallas,2026-07-20,NO,provable,100-101°F,0.265,0.0,100.0,1,277.3585
dallas,2026-07-20,YES,secondary,102-103°F,0.225,0.9667,100.0,1,344.4444
houston,2026-07-20,YES,secondary,94-95°F,0.1875,0.9667,100.0,1,433.3333
london,2026-07-20,NO,provable,24°C,0.335,0.0,100.0,1,198.5075
san-francisco,2026-07-20,NO,provable,68-69°F,0.07,0.0,100.0,1,1328.5714
san-francisco,2026-07-20,YES,main,70-71°F,0.095,1.0,100.0,1,952.6316
buenos-aires,2026-07-21,NO,provable,12°C,0.5,0.0,100.0,1,100.0
denver,2026-07-21,YES,secondary,96-97°F,0.25,1.0,100.0,1,300.0
manila,2026-07-21,NO,provable,32°C,0.425,0.0,100.0,1,135.2941
manila,2026-07-21,YES,secondary,33°C,0.18,1.0,100.0,1,455.5556
chicago,2026-07-22,NO,provable,72-73°F,0.26,0.0,100.0,1,284.6154
milan,2026-07-22,YES,secondary,29°C,0.24,0.9333,100.0,1,316.6667
nyc,2026-07-22,NO,provable,86-87°F,0.19,0.0,100.0,1,426.3158
seattle,2026-07-22,NO,provable,92-93°F,0.345,0.0,100.0,1,189.8551
seattle,2026-07-22,YES,secondary,94-95°F,0.235,0.9667,100.0,1,325.5319
amsterdam,2026-07-24,NO,provable,23°C,0.44,0.0,100.0,1,127.2727
chengdu,2026-07-24,YES,secondary,38°C,0.175,0.9333,100.0,0,-100.0
kuala-lumpur,2026-07-24,NO,provable,31°C,0.47,0.0,100.0,1,112.766
austin,2026-07-25,YES,secondary,94-95°F,0.22,0.9,100.0,0,-100.0
chengdu,2026-07-25,NO,provable,39°C,0.395,0.0,100.0,1,153.1646
chengdu,2026-07-25,YES,secondary,40°C,0.12,0.9,100.0,0,-100.0
chicago,2026-07-25,NO,provable,79°F or below,0.285,0.0,100.0,1,250.8772
london,2026-07-25,NO,provable,28°C,0.43,0.0,100.0,1,132.5581
seattle,2026-07-25,NO,provable,70-71°F,0.47,0.0,100.0,1,112.766
chongqing,2026-07-26,NO,provable,40°C,0.33,0.0,100.0,1,203.0303
lucknow,2026-07-26,NO,provable,35°C,0.35,0.0,100.0,1,185.7143
milan,2026-07-26,NO,provable,30°C,0.2,0.0,100.0,1,400.0
milan,2026-07-26,YES,main,31°C,0.0345,0.9333,100.0,1,2798.5507
chongqing,2026-07-27,NO,provable,39°C,0.265,0.0,100.0,1,277.3585
denver,2026-07-27,NO,provable,90-91°F,0.405,0.0,100.0,1,146.9136
denver,2026-07-27,YES,secondary,92-93°F,0.2,1.0,100.0,1,400.0
chongqing,2026-07-28,NO,provable,35°C,0.445,0.0,100.0,1,124.7191
chongqing,2026-07-28,YES,main,36°C,0.1,0.9,100.0,1,900.0
dallas,2026-07-28,YES,secondary,98-99°F,0.175,0.9333,100.0,1,471.4286
atlanta,2026-07-29,YES,secondary,88-89°F,0.17,0.9333,100.0,1,488.2353
busan,2026-07-29,NO,provable,37°C,0.425,0.0,100.0,1,135.2941
busan,2026-07-29,NO,provable,38°C,0.12,0.0,100.0,1,733.3333
busan,2026-07-29,YES,main,39°C,0.059,1.0,100.0,1,1594.9153
chengdu,2026-07-29,YES,secondary,34°C or higher,0.19,1.0,100.0,1,426.3158
chicago,2026-07-29,NO,provable,78-79°F,0.425,0.0,100.0,1,135.2941
chongqing,2026-07-29,NO,provable,37°C,0.375,0.0,100.0,1,166.6667
chongqing,2026-07-29,YES,main,39°C,0.0325,0.9,100.0,1,2976.9231
houston,2026-07-29,YES,secondary,94-95°F,0.175,0.9667,100.0,1,471.4286
jeddah,2026-07-29,NO,provable,39°C,0.445,0.0,100.0,1,124.7191
miami,2026-07-29,NO,provable,90-91°F,0.365,0.0,100.0,1,173.9726
miami,2026-07-29,YES,main,94-95°F,0.045,1.0,100.0,1,2122.2222
tel-aviv,2026-07-29,NO,provable,32°C,0.335,0.0,100.0,1,198.5075
austin,2026-07-30,NO,provable,98-99°F,0.205,0.0,100.0,1,387.8049
austin,2026-07-30,YES,secondary,100-101°F,0.195,0.9667,100.0,1,412.8205
buenos-aires,2026-07-30,NO,provable,16°C,0.465,0.0,100.0,1,115.0538
kuala-lumpur,2026-07-30,NO,provable,32°C,0.075,0.0,100.0,1,1233.3333
buenos-aires,2026-07-31,NO,provable,22°C,0.46,0.0,100.0,1,117.3913
buenos-aires,2026-07-31,YES,main,23°C,0.075,0.9667,100.0,0,-100.0
dallas,2026-07-31,YES,secondary,100-101°F,0.175,0.9333,100.0,0,-100.0
houston,2026-07-31,NO,provable,94-95°F,0.385,0.0,100.0,1,159.7403
panama-city,2026-07-31,NO,provable,33°C,0.12,0.0,100.0,1,733.3333
panama-city,2026-07-31,YES,secondary,34°C,0.11,1.0,100.0,1,809.0909
atlanta,2026-08-01,NO,provable,84-85°F,0.395,0.0,100.0,1,153.1646
atlanta,2026-08-01,YES,secondary,86-87°F,0.235,0.9333,100.0,1,325.5319
sao-paulo,2026-08-01,NO,provable,26°C,0.375,0.0,100.0,1,166.6667
toronto,2026-08-01,YES,main,28°C,0.09,0.9,100.0,1,1011.1111
amsterdam,2026-08-02,YES,secondary,26°C,0.21,0.9,100.0,1,376.1905
houston,2026-08-02,NO,provable,96-97°F,0.285,0.0,100.0,1,250.8772
houston,2026-08-02,YES,secondary,98-99°F,0.175,1.0,100.0,1,471.4286
nyc,2026-08-02,NO,provable,82-83°F,0.44,0.0,100.0,1,127.2727
sao-paulo,2026-08-02,NO,provable,28°C,0.28,0.0,100.0,1,257.1429
sao-paulo,2026-08-02,YES,secondary,29°C,0.155,1.0,100.0,1,545.1613
atlanta,2026-08-03,NO,provable,84-85°F,0.485,0.0,100.0,1,106.1856
austin,2026-08-03,NO,provable,100-101°F,0.33,0.0,100.0,1,203.0303
austin,2026-08-03,YES,secondary,102-103°F,0.135,0.9667,100.0,1,640.7407
nyc,2026-08-03,NO,provable,82-83°F,0.39,0.0,100.0,1,156.4103
nyc,2026-08-03,YES,secondary,84-85°F,0.195,1.0,100.0,1,412.8205
toronto,2026-08-03,NO,provable,26°C,0.385,0.0,100.0,1,159.7403
austin,2026-08-04,NO,provable,98-99°F,0.36,0.0,100.0,1,177.7778
buenos-aires,2026-08-04,NO,provable,15°C,0.355,0.0,100.0,1,181.6901
chengdu,2026-08-05,NO,provable,34°C,0.485,0.0,100.0,1,106.1856
chongqing,2026-08-05,NO,provable,34°C,0.19,0.0,100.0,1,426.3158
chongqing,2026-08-05,YES,main,35°C,0.095,0.9667,100.0,1,952.6316
austin,2026-08-06,NO,provable,98-99°F,0.4,0.0,100.0,1,150.0
kuala-lumpur,2026-08-06,NO,provable,33°C,0.46,0.0,100.0,1,117.3913
warsaw,2026-08-06,NO,provable,32°C,0.5,0.0,100.0,1,100.0
dallas,2026-08-07,YES,main,98-99°F,0.025,0.9333,100.0,0,-100.0
milan,2026-08-07,YES,secondary,32°C,0.106,0.9333,100.0,0,-100.0
panama-city,2026-08-07,NO,provable,33°C,0.35,0.0,100.0,1,185.7143
houston,2026-08-08,NO,provable,90-91°F,0.28,0.0,100.0,1,257.1429
milan,2026-08-08,NO,provable,33°C,0.305,0.0,100.0,1,227.8689
milan,2026-08-08,YES,secondary,34°C,0.23,0.9333,100.0,1,334.7826
wuhan,2026-08-08,YES,secondary,37°C,0.175,0.9,100.0,1,471.4286
amsterdam,2026-08-09,NO,provable,29°C,0.19,0.0,100.0,1,426.3158
amsterdam,2026-08-09,YES,secondary,30°C,0.175,0.9333,100.0,1,471.4286
austin,2026-08-09,NO,provable,96-97°F,0.5,0.0,100.0,1,100.0
london,2026-08-09,YES,main,30°C,0.085,0.9,100.0,0,-100.0
toronto,2026-08-09,YES,main,27°C,0.065,0.9333,100.0,1,1438.4615
denver,2026-08-10,YES,secondary,96-97°F,0.165,1.0,100.0,1,506.0606
nyc,2026-08-10,NO,provable,88-89°F,0.45,0.0,100.0,1,122.2222
austin,2026-08-11,NO,provable,98-99°F,0.385,0.0,100.0,1,159.7403
chongqing,2026-08-11,YES,secondary,35°C,0.145,0.9333,100.0,1,589.6552
cape-town,2026-08-12,NO,provable,22°C,0.14,0.0,100.0,1,614.2857
cape-town,2026-08-12,YES,main,23°C,0.095,1.0,100.0,1,952.6316
warsaw,2026-08-12,YES,secondary,22°C,0.175,0.9,100.0,1,471.4286
austin,2026-08-13,NO,provable,100-101°F,0.46,0.0,100.0,1,117.3913
denver,2026-08-13,NO,provable,78-79°F,0.42,0.0,100.0,1,138.0952
denver,2026-08-13,YES,secondary,80-81°F,0.135,1.0,100.0,1,640.7407
seattle,2026-08-13,NO,provable,78-79°F,0.44,0.0,100.0,1,127.2727
warsaw,2026-08-14,YES,main,25°C,0.05,0.9,100.0,0,-100.0
austin,2026-08-15,NO,provable,100-101°F,0.485,0.0,100.0,1,106.1856
dallas,2026-08-15,YES,main,98-99°F,0.035,0.9,100.0,0,-100.0
atlanta,2026-08-16,YES,secondary,94-95°F,0.14,0.9333,100.0,1,614.2857
austin,2026-08-16,NO,provable,100-101°F,0.49,0.0,100.0,1,104.0816
kuala-lumpur,2026-08-16,NO,provable,32°C,0.32,0.0,100.0,1,212.5
los-angeles,2026-08-16,NO,provable,74-75°F,0.03,0.0,100.0,1,3233.3333
los-angeles,2026-08-16,YES,main,76-77°F,0.04,1.0,100.0,1,2400.0
shanghai,2026-08-16,NO,provable,28°C,0.0595,0.0,100.0,1,1580.6723
shanghai,2026-08-16,YES,main,29°C,0.035,1.0,100.0,1,2757.1429
amsterdam,2026-08-17,NO,provable,20°C,0.31,0.0,100.0,1,222.5806
amsterdam,2026-08-17,YES,secondary,21°C,0.235,0.9333,100.0,1,325.5319
milan,2026-08-17,NO,provable,29°C,0.0775,0.0,100.0,1,1190.3226
milan,2026-08-17,YES,main,30°C,0.075,0.9667,100.0,0,-100.0
buenos-aires,2026-08-18,YES,main,11°C,0.028,0.9333,100.0,1,3471.4286
warsaw,2026-08-18,NO,provable,20°C,0.23,0.0,100.0,1,334.7826
amsterdam,2026-08-19,NO,provable,20°C,0.46,0.0,100.0,1,117.3913
austin,2026-08-19,YES,secondary,100-101°F,0.145,1.0,100.0,0,-100.0
chengdu,2026-08-19,NO,provable,28°C,0.43,0.0,100.0,1,132.5581
houston,2026-08-19,NO,provable,94-95°F,0.5,0.0,100.0,1,100.0
kuala-lumpur,2026-08-19,NO,provable,32°C,0.09,0.0,100.0,1,1011.1111
seattle,2026-08-19,NO,provable,80-81°F,0.45,0.0,100.0,1,122.2222
seattle,2026-08-19,YES,main,82-83°F,0.0305,1.0,100.0,1,3178.6885
warsaw,2026-08-19,NO,provable,22°C,0.3,0.0,100.0,1,233.3333
wuhan,2026-08-19,NO,provable,35°C,0.385,0.0,100.0,1,159.7403
amsterdam,2026-08-20,NO,provable,21°C,0.345,0.0,100.0,1,189.8551
buenos-aires,2026-08-20,NO,provable,18°C,0.39,0.0,100.0,1,156.4103
chongqing,2026-08-20,YES,secondary,32°C,0.145,0.9667,100.0,0,-100.0
toronto,2026-08-20,YES,secondary,24°C,0.215,1.0,100.0,1,365.1163
wuhan,2026-08-20,NO,provable,35°C,0.115,0.0,100.0,1,769.5652
atlanta,2026-08-21,NO,provable,92-93°F,0.285,0.0,100.0,1,250.8772
austin,2026-08-21,NO,provable,102-103°F,0.45,0.0,100.0,1,122.2222
buenos-aires,2026-08-21,NO,provable,12°C,0.215,0.0,100.0,1,365.1163
buenos-aires,2026-08-21,YES,secondary,13°C,0.165,0.9333,100.0,1,506.0606
chicago,2026-08-21,NO,provable,78-79°F,0.445,0.0,100.0,1,124.7191
denver,2026-08-21,NO,provable,98-99°F,0.16,0.0,100.0,1,525.0
denver,2026-08-21,YES,main,100-101°F,0.074,1.0,100.0,1,1251.3514
milan,2026-08-21,YES,secondary,23°C,0.25,0.9667,100.0,0,-100.0
seattle,2026-08-22,NO,provable,72-73°F,0.435,0.0,100.0,1,129.8851
shanghai,2026-08-22,NO,provable,30°C,0.15,0.0,100.0,1,566.6667
shanghai,2026-08-22,YES,secondary,31°C,0.16,1.0,100.0,1,525.0
chengdu,2026-08-24,NO,provable,36°C,0.47,0.0,100.0,1,112.766
seattle,2026-08-24,NO,provable,78-79°F,0.5,0.0,100.0,1,100.0
toronto,2026-08-24,NO,provable,21°C,0.265,0.0,100.0,1,277.3585
toronto,2026-08-24,YES,main,22°C,0.0645,0.9667,100.0,1,1450.3876
dallas,2026-08-25,YES,secondary,100-101°F,0.2365,1.0,100.0,1,322.833
denver,2026-08-25,YES,secondary,82-83°F,0.209,1.0,100.0,1,378.4689
milan,2026-08-25,NO,provable,27°C,0.415,0.0,100.0,1,140.9639
amsterdam,2026-08-26,NO,provable,25°C,0.45,0.0,100.0,1,122.2222
chongqing,2026-08-26,NO,provable,37°C,0.5,0.0,100.0,1,100.0
dallas,2026-08-26,YES,secondary,100-101°F,0.17,1.0,100.0,1,488.2353
los-angeles,2026-08-26,NO,provable,84-85°F,0.14,0.0,100.0,1,614.2857
los-angeles,2026-08-26,YES,secondary,86-87°F,0.14,1.0,100.0,1,614.2857
panama-city,2026-08-26,NO,provable,31°C,0.475,0.0,100.0,1,110.5263
toronto,2026-08-26,YES,main,24°C,0.065,0.9667,100.0,1,1438.4615
atlanta,2026-08-27,NO,provable,84-85°F,0.475,0.0,100.0,1,110.5263
busan,2026-08-27,NO,provable,32°C,0.425,0.0,100.0,1,135.2941
houston,2026-08-27,NO,provable,94-95°F,0.43,0.0,100.0,1,132.5581
wellington,2026-08-27,YES,main,12°C,0.0225,1.0,100.0,0,-100.0
austin,2026-08-28,NO,provable,98-99°F,0.42,0.0,100.0,1,138.0952
nyc,2026-08-28,NO,provable,82-83°F,0.485,0.0,100.0,1,106.1856
sao-paulo,2026-08-28,NO,provable,31°C,0.065,0.0,100.0,1,1438.4615
sao-paulo,2026-08-28,YES,main,32°C,0.05,1.0,100.0,1,1900.0
denver,2026-08-29,NO,provable,90-91°F,0.165,0.0,100.0,1,506.0606
denver,2026-08-29,YES,main,92-93°F,0.09,1.0,100.0,1,1011.1111
panama-city,2026-08-29,NO,provable,31°C,0.19,0.0,100.0,1,426.3158
panama-city,2026-08-29,YES,secondary,32°C,0.21,1.0,100.0,1,376.1905
seattle,2026-08-29,NO,provable,68-69°F,0.41,0.0,100.0,1,143.9024
busan,2026-08-30,NO,provable,32°C,0.41,0.0,100.0,1,143.9024
chengdu,2026-08-31,YES,secondary,34°C,0.14,0.9,100.0,0,-100.0
denver,2026-08-31,NO,provable,84-85°F,0.3,0.0,100.0,1,233.3333
wuhan,2026-08-31,NO,provable,33°C,0.15,0.0,100.0,1,566.6667
atlanta,2026-09-01,YES,main,92-93°F,0.05,0.9333,100.0,1,1900.0
buenos-aires,2026-09-01,NO,provable,20°C,0.405,0.0,100.0,1,146.9136
denver,2026-09-01,NO,provable,84-85°F,0.5,0.0,100.0,1,100.0
denver,2026-09-01,YES,secondary,86-87°F,0.185,1.0,100.0,1,440.5405
dallas,2026-09-02,NO,provable,98-99°F,0.135,0.0,100.0,1,640.7407
dallas,2026-09-02,YES,secondary,100-101°F,0.105,1.0,100.0,1,852.381
houston,2026-09-02,NO,provable,92-93°F,0.31,0.0,100.0,1,222.5806
houston,2026-09-02,YES,secondary,94-95°F,0.165,1.0,100.0,1,506.0606
miami,2026-09-02,YES,main,88-89°F,0.035,1.0,100.0,0,-100.0
sao-paulo,2026-09-03,NO,provable,28°C,0.46,0.0,100.0,1,117.3913
austin,2026-09-04,NO,provable,90-91°F,0.49,0.0,100.0,1,104.0816
austin,2026-09-04,YES,secondary,94-95°F,0.125,0.9,100.0,1,700.0
busan,2026-09-04,NO,provable,28°C,0.35,0.0,100.0,1,185.7143
busan,2026-09-04,YES,secondary,29°C,0.165,0.9667,100.0,1,506.0606
austin,2026-09-05,NO,provable,98-99°F,0.255,0.0,100.0,1,292.1569
austin,2026-09-05,YES,secondary,100-101°F,0.225,0.9667,100.0,1,344.4444
cape-town,2026-09-05,NO,provable,24°C,0.22,0.0,100.0,1,354.5455
cape-town,2026-09-05,YES,secondary,25°C,0.175,0.9667,100.0,1,471.4286
denver,2026-09-05,NO,provable,92-93°F,0.365,0.0,100.0,1,173.9726
denver,2026-09-05,YES,secondary,94-95°F,0.22,1.0,100.0,1,354.5455
kuala-lumpur,2026-09-05,YES,main,32°C,0.052,1.0,100.0,1,1823.0769
milan,2026-09-05,YES,main,31°C,0.0325,0.9333,100.0,0,-100.0
warsaw,2026-09-05,NO,provable,20°C,0.425,0.0,100.0,1,135.2941
buenos-aires,2026-09-06,NO,provable,10°C,0.285,0.0,100.0,1,250.8772
buenos-aires,2026-09-06,YES,main,12°C,0.03,0.9667,100.0,1,3233.3333
denver,2026-09-06,NO,provable,90-91°F,0.405,0.0,100.0,1,146.9136
milan,2026-09-06,NO,provable,31°C,0.46,0.0,100.0,1,117.3913
austin,2026-09-07,NO,provable,98-99°F,0.325,0.0,100.0,1,207.6923
austin,2026-09-07,YES,secondary,100-101°F,0.2,0.9,100.0,1,400.0
denver,2026-09-07,NO,provable,88-89°F,0.5,0.0,100.0,1,100.0
denver,2026-09-07,YES,secondary,90-91°F,0.245,1.0,100.0,1,308.1633
los-angeles,2026-09-08,NO,provable,84-85°F,0.065,0.0,100.0,1,1438.4615
wuhan,2026-09-08,NO,provable,34°C,0.47,0.0,100.0,1,112.766
wuhan,2026-09-08,YES,secondary,35°C,0.11,0.9,100.0,1,809.0909
atlanta,2026-09-09,YES,secondary,88-89°F,0.23,0.9333,100.0,1,334.7826
dallas,2026-09-09,NO,provable,98-99°F,0.325,0.0,100.0,1,207.6923
miami,2026-09-09,NO,provable,88-89°F,0.475,0.0,100.0,1,110.5263
sao-paulo,2026-09-09,NO,provable,21°C,0.06,0.0,100.0,1,1566.6667
sao-paulo,2026-09-09,YES,main,22°C,0.055,1.0,100.0,1,1718.1818
amsterdam,2026-09-11,NO,provable,20°C,0.345,0.0,100.0,1,189.8551
amsterdam,2026-09-11,YES,secondary,21°C,0.195,1.0,100.0,1,412.8205
austin,2026-09-11,NO,provable,100-101°F,0.295,0.0,100.0,1,238.9831
sao-paulo,2026-09-11,NO,provable,27°C,0.395,0.0,100.0,1,153.1646
sao-paulo,2026-09-11,YES,secondary,28°C,0.245,1.0,100.0,1,308.1633
atlanta,2026-09-12,YES,secondary,84-85°F,0.235,1.0,100.0,1,325.5319
cape-town,2026-09-12,NO,provable,18°C,0.134,0.0,100.0,1,646.2687
cape-town,2026-09-12,YES,secondary,19°C,0.105,0.9667,100.0,1,852.381
chongqing,2026-09-12,NO,provable,28°C,0.23,0.0,100.0,1,334.7826
toronto,2026-09-12,YES,secondary,25°C,0.23,0.9667,100.0,1,334.7826
warsaw,2026-09-12,NO,provable,18°C,0.495,0.0,100.0,1,102.0202
wellington,2026-09-12,NO,provable,13°C,0.165,0.0,100.0,1,506.0606
wellington,2026-09-12,YES,secondary,14°C,0.12,0.9667,100.0,1,733.3333
buenos-aires,2026-09-13,NO,provable,12°C,0.365,0.0,100.0,1,173.9726
chengdu,2026-09-13,NO,provable,24°C,0.155,0.0,100.0,1,545.1613
toronto,2026-09-13,NO,provable,27°C,0.35,0.0,100.0,1,185.7143
toronto,2026-09-13,YES,main,28°C,0.04,0.9667,100.0,1,2400.0
cape-town,2026-09-14,NO,provable,17°C,0.095,0.0,100.0,1,952.6316
cape-town,2026-09-14,YES,main,18°C,0.095,1.0,100.0,1,952.6316
wuhan,2026-09-14,NO,provable,32°C,0.385,0.0,100.0,1,159.7403
dallas,2026-09-15,YES,secondary,98-99°F,0.195,0.9,100.0,1,412.8205
warsaw,2026-09-15,NO,provable,19°C,0.49,0.0,100.0,1,104.0816
atlanta,2026-09-17,YES,secondary,88-89°F,0.17,0.9333,100.0,1,488.2353
dallas,2026-09-17,YES,secondary,96-97°F,0.14,0.9,100.0,1,614.2857
seattle,2026-09-17,NO,provable,74-75°F,0.475,0.0,100.0,1,110.5263
busan,2026-09-18,NO,provable,26°C,0.09,0.0,100.0,1,1011.1111
busan,2026-09-18,YES,main,27°C,0.046,1.0,100.0,1,2073.913
denver,2026-09-18,NO,provable,84-85°F,0.355,0.0,100.0,1,181.6901
buenos-aires,2026-09-19,YES,secondary,25°C,0.12,1.0,100.0,1,733.3333
denver,2026-09-19,NO,provable,74-75°F,0.465,0.0,100.0,1,115.0538
warsaw,2026-09-19,NO,provable,21°C,0.25,0.0,100.0,1,300.0
warsaw,2026-09-19,YES,secondary,22°C,0.105,0.9667,100.0,1,852.381
warsaw,2026-09-20,NO,provable,21°C,0.18,0.0,100.0,1,455.5556
warsaw,2026-09-20,YES,secondary,22°C,0.105,0.9667,100.0,1,852.381
buenos-aires,2026-09-22,NO,provable,13°C,0.445,0.0,100.0,1,124.7191
denver,2026-09-22,NO,provable,82-83°F,0.405,0.0,100.0,1,146.9136
houston,2026-09-22,NO,provable,94-95°F,0.405,0.0,100.0,1,146.9136
kuala-lumpur,2026-09-22,NO,provable,30°C,0.175,0.0,100.0,1,471.4286
kuala-lumpur,2026-09-22,YES,secondary,31°C,0.165,1.0,100.0,1,506.0606
panama-city,2026-09-22,YES,main,31°C,0.037,0.9655,100.0,1,2602.7027
warsaw,2026-09-22,NO,provable,16°C,0.09,0.0,100.0,1,1011.1111
warsaw,2026-09-22,YES,main,17°C,0.095,0.9667,100.0,1,952.6316
